Strain,Genotype,Alleles,FancyName
N2,wt,,wt
JT307,egl-9,sa307,egl-9(sa307)
CB6116,egl-9;vhl-1,sa307;ok161,egl-9(sa307);vhl-1(ok161)
ZG31,hif-1,ia4,hif-1(ia4)
CB5602,vhl-1,ok161,vhl-1(ok161)
RB1297,rhy-1,ok1402,rhy-1(ok1402)
CB6088,egl-9 hif-1,sa307;ia4,egl-9(sa307) hif-1(ia4)
MT10591,lin-8,n2731,lin-8(n2731)
MT15058,lin-8;hpl-2,n2731;tm1489,lin-8(n2731);hpl-2(tm1489)
MT1806,lin-15a,n767,lin-15a(n767)
MT16922,lnes-1,n3917,lnes-1(n3917)
MT12833,lin-61,n3809,lin-61(n3809)
MT10588,lin-8(nc),n2376,lin-8(n2376)
MT17232,lin-8;lin-15a,n2731;n767,lin-8(n2731);lin-15a(n767)
MT15061,hpl-2;lin-15a,tm1489;n767,lin-15a(n767);hpl-2(tm1489)
MT14853,hpl-2,tm1489,hpl-2(tm1489)
MT10430,lin-35,n745,lin-35(n745)
EW15,bar-1,ga80,bar-1(ga80)
MT2124,let-60,n1046,let-60(n1046)
PS4187,dpy-22,bx93,dpy-22(bx93)
PS4087,dpy-22,sy622,dpy-22(sy622)
PS4176,dpy-22/dpy-22,bx93/sy622,dpy-22(bx93)/dpy-22(sy622)
MT4866,let-60,n2021,let-60(n2021)
MQ130,clk-1,qm30,clk-1(qm30)
CB88,dpy-7,e88,dpy-7(e88)
CB128,dpy-10,e128,dpy-10(e128)
CB190,unc-54,e190,unc-54(e190)
PS7288,chd-7,sy859,chd-7(sy859)
PS7443,dpy-10,e128,dpy-10(e128)
PS7267,chd-7,sy1049,chd-7(sy1049)
PS7273,chd-7,sy956,chd-7(sy956)
JK574,fog-2,q71,fog-2(q71)
